code,name,description,school_code,places_for_work
car_soc_0001,គ្រូមត្តេយ្យ,គ្រូត្រូវង្រៀនកុមារអាយុក្រោម ៦ឆ្នាំ។ មានតួនាទីបង្រៀនកុមារឲ្យមានអនាម័យ ប្រើភាសាក្នុងការនិយាយស្ដី ជាមនុស្សចេះអត់ធន់ និងមានចិត្តស្រឡាញ់កុមារ។ គ្រូមត្តេយ្យតម្រូវឲ្យប្រលងជាប់បាក់ឌុប និងដាក់ពាក្យប្រលងគ្រូមត្តេយ្យសិក្សា។ ករណីប្រឡងជាប់គ្រូកម្រិតមតេយ្យសិក្សា គាត់ត្រូវទទួលការបណ្តុះបណ្តាលរយៈពេល ២ឆ្នាំសាលាគរុកោសល្យ មត្តេយ្យមជ្ឈឹម ទីក្រុងភ្នំពេញ ដើម្បីក្លាយជាគ្រូប្រកបដោយវិជ្ជាជីវៈ និងមនសិកាគ្រូបង្រៀន ។,សាលាគរុកោសល្យ មត្តេយ្យមជ្ឈឹម(គ្រូមត្តេយ្យ),សាលារដ្ឋ សាលាឯកជន ក្រសួង មន្ទីរ
car_soc_0002,គ្រូបឋមសិក្សា,គ្រូបឋមសិក្សាត្រូវបង្រៀនកុមារចាប់ពីអាយុ ៦ឆ្នាំដល់អាយុ១២​ឆ្នាំ (ថ្នាក់ទី១-៦)។ គ្រូបឋមសិសក្សាត្រូមានចំណេះដឹងលើមុខវិជ្ជាដូចជា៖ គណិតវិទ្យា ប្រវត្តិវិទ្យា ភូមិវិទ្យា ភាសាខ្មែរ ឬភាសាបរទេស ជាដើម។ គ្រូបឋមសិសក្សាត្រូវបង្រៀន ៤ម៉ោងក្នុងមួយថ្ងៃ និងចំណាយពេលផ្សេងទៀត ក្នុងការធ្វើកិច្ចតែងការបង្រៀន ឬផលិតសម្ភារឧបទ្ទេស ជាមុន ដើម្បីធ្វើឲ្យការបង្រៀនមានប្រសិទ្ធិភាព ។​ គ្រូមបឋមសិក្សាតម្រូវឲ្យប្រលងជាប់បាក់ឌុប និងដាក់ពាក្យប្រលងគ្រូបឋមសិក្សា។ ករណីប្រឡងជាប់គ្រូកម្រិតបឋមសិក្សា គាត់ ត្រូវទទួលការបណ្តុះបណ្តាលរយៈពេល ២ឆ្នាំ នៅសាលាគរុកោសល្យ និងវិក្រឹតការខេត្ត។,សាលាគរុកោសល្យ និងវិក្រឹតការខេត្ត(គ្រូបឋមសិក្សា),សាលារដ្ឋ សាលាឯកជន ក្រសួង មន្ទីរ
car_soc_0003,គ្រូមធ្យមសិក្សាបឋមភូមិ,គ្រូមធ្យមសិក្សាបឋមភូមិត្រូវបង្រៀនកុមារចាប់ពីអាយុ ១៣ឆ្នាំដល់អាយុ១៥​ឆ្នាំ (ថ្នាក់ទី៧-៩)។ គ្រូមធ្យមសិក្សាបឋមភូមិ ត្រូវបង្រៀន ទៅលើមុខវិជ្ជាឯកទេសរបស់ខ្លួន តាមម៉ោងកំណត់របស់សាលា ។ គ្រូបង្រៀនត្រូវមានភារកិច្ចធ្វើកិច្ចតែងការបង្រៀន ផលិតសម្ភារឧបទ្ទេស ស្រាវជ្រាវ និងបង្រៀនសិស្សប្រកបដោយក្រមសីលធម៌ និងវិជ្ជាជីវៈខ្ពស់ ។ គាត់ តម្រូវឲ្យប្រលងជាប់បាក់ឌុប និងដាក់ពាក្យប្រលងគ្រូមធ្យមសិក្សាបឋមភូមិ។ ករណីប្រឡងជាប់ធ្វើជាគ្រូបង្រៀន ។គាត់ ត្រូវទទួលការបណ្តុះបណ្តាលរយៈពេល ២ឆ្នាំ នៅមជ្ឈមណ្ឌលគរុកោសល្យភូមិភាគខេត្ត។,មជ្ឈមណ្ឌលគរុកោសល្យ ភូមិភាគខេត្ត(គ្រូមធ្យមសិក្សា),សាលារដ្ឋ សាលាឯកជន ក្រសួង មន្ទីរ
car_soc_0004,គ្រូមធ្យមសិក្សាទុតិយភូមិ,គ្រូមធ្យមសិក្សាទុតិយភូមិត្រូវបង្រៀនកុមារចាប់ពីអាយុ ១៦ឆ្នាំដល់អាយុ១៨​ឆ្នាំ (ថ្នាក់ទី១០-១២)។ គាត់/នាងតម្រូវឲ្យប្រលងជាប់បាក់ឌុប និងសិក្សាតាមសាកលវិទ្យាល័យនានារយៈពេល៤ឆ្នាំ បូកនឹង សិក្សានៅវិទ្យាស្ថានជាតិអប់រំ (NIE)រយៈពេល១ឆ្នាំទៀត។ គ្រូមធ្យមសិក្សាទុតិយភូមិ ត្រូវបង្រៀនមុខវិជ្ជាឯកទេសរបស់ខ្លួន តាមម៉ោងកំណត់របស់សាលា ។ គ្រូបង្រៀនត្រូវមានភារកិច្ចធ្វើកិច្ចតែងការបង្រៀន ផលិតសម្ភារឧបទ្ទេស ស្រាវជ្រាវ និងបង្រៀនសិស្សប្រកបដោយក្រមសីលធម៌ និងវិជ្ជាជីវៈខ្ពស់ ។ ,uni_gov_0001,សាលារដ្ឋ សាលាឯកជន ក្រសួង មន្ទីរ
,,,uni_gov_0011,
,,,uni_pri_0041,
,,,uni_gov_0004,
,,,uni_gov_0003,
,,,វិទ្យាស្ថានអប់រំ (NIE),
car_soc_0005,សាស្រ្តាចារ្យឧត្តមសិក្សា,សាស្រ្តាចារ្យឧត្តមសិក្សាបង្រៀននិស្សិតតាមបណ្តាសាកលវិទ្យាល័យនានា។ គាត់តម្រូវឲ្យមានសញ្ញាប័ត្រសមមូល ដូចជា​៖ កម្រិតបរិញ្ញា អនុបណ្ឌិត  ឬបណ្ឌិត ក្នុងប្រទេស ឬក្រៅប្រទេស។ គាត់ ត្រូវបង្រៀនមុខវិជ្ជាឯកទេសរបស់ខ្លួន តាមម៉ោងកំណត់របស់សាកលវិទ្យាល័យ ។ គាត់ត្រូវមានភារកិច្ចធ្វើកិច្ចតែងការបង្រៀន ផលិតសម្ភារឧបទ្ទេស ស្រាវជ្រាវ និងបង្រៀនសិស្សប្រកបដោយក្រមសីលធម៌ និងវិជ្ជាជីវៈខ្ពស់ និងមានចំណេះដឹងផ្នែក ភាសាអង់គ្លេស និងកុំព្យុទ័រ ។ ,វិទ្យាស្ថានជាតិអប់រំ NIE និង សាកលវិទ្យាល័យក្រៅប្រទេស,សាកលវិទ្យាល័យនានា អង្គការក្រៅរដ្ឋាភិបាល ក្រុមហ៊ុនឯកជន ឬស្ថាប័នរដ្ឋ
car_soc_0006,គ្រូឧទេសគរុកោសល្យ,គ្រូឧទ្ទេសគរុកោសល្យ បណ្តុុះបណ្តាលគរុសិស្សកំពុងសិក្សា នៅតាម សាលាគរុកោសល្យ និងវិក្រិតការខេត្ត ឬនៅតាម មជ្ឈមណ្ឌលគរុកោសល្យភូមិភាគខេត្ត ។ គាត់ បណ្តុះបណ្តាលពី គោលវិធីសាស្រ្តគរុកោសល្យ  ចិត្តវិទ្យា  និងតាមមុខវិជ្ជាតាមឯកទេស ។ គាត់ តម្រូវឲ្យមានសញ្ញាប័ត្រសមមូល ដូចជា​៖ កម្រិតបរិញ្ញា អនុបណ្ឌិត  ឬបណ្ឌិត ក្នុងប្រទេស ឬក្រៅប្រទេស។ គាត់ ត្រូវបង្រៀនមុខវិជ្ជាឯកទេសរបស់ខ្លួន តាមម៉ោងកំណត់របស់សាលា ។ គាត់ត្រូវមានភារកិច្ចធ្វើកិច្ចតែងការបង្រៀន ផលិតសម្ភារឧបទ្ទេស ស្រាវជ្រាវ និងបង្រៀនសិស្សប្រកបដោយក្រមសីលធម៌ និងវិជ្ជាជីវៈខ្ពស់ ។ ,"សាលាគរុកោសល្យ និងវិក្រឹតការខេត្ត , មជ្ឈមណ្ឌលគរុកោសល្យ ភូមិភាគខេត្ត",សាកលវិទ្យាល័យនានា អង្គការក្រៅរដ្ឋាភិបាល ក្រុមហ៊ុនឯកជន ឬស្ថាប័នរដ្ឋ
car_soc_0007,បុគ្គលិករដ្ឋបាលផ្នែកអប់រំ,បុគ្គលិករដ្ឋបាលផ្នែកអប់រំ មានសញ្ញាបត្រ គ្រូបង្រៀន ឬ សញ្ញាបត្រផ្នែករដ្ឋបាលសាធារណៈ ឬ សញ្ញាបត្រផ្នែកទំនាក់ទំនង អន្តរជាតិ ។ គាត់ មានសញ្ញាបត្រមួយក្នុងចំណោមសញ្ញាបត្រទាំងនោះ ពិតជាល្អ និង មានតួនាទី ទំនាក់ទំនង  រៀបចំកិច្ចការរដ្ឋបាល ដូចជា៖ ទុកដាក់ឯកសារ  រៀបចំដំណើរការចំណូលចំណាយចំពោះសម្ភារក្នុងការិយាល័យ និងយានយន្តជាដើម ។ ជាងនេះ ទៀតគាត់់ត្រូវមានចំណេះដឹង ផ្នែកពន្ធ ។  អាជីពនេះ ត្រូវធានាថា បុគ្គលិកក្នុង ស្ថាប័ន ទទួលបានភាពកក់ក្តៅ និង ទទួលយកបាន ពីការរៀបចំសេវារដ្ឋបាល ។ ,uni_gov_0001,"សាកលវិទ្យាល័យនានា 
អង្គការក្រៅរដ្ឋាភិបាល 
ក្រុមហ៊ុនឯកជន ឬស្ថាប័នរដ្ឋ"
,,,uni_gov_0011,
,,,uni_pri_0041,
,,,uni_gov_0004,
,,,uni_gov_0003,
,,,វិទ្យាស្ថានអប់រំ (NIE),
car_soc_0008,មន្រ្ដីអប់រំថ្នាក់ជាតិ,មន្រ្តីអប់រំថ្នាក់ជាតិត្រូវមានសញ្ញាបត្រកម្រិតអនុបណ្ឌិត ឬបណ្ឌិត ។ គាត់ធ្វើការនៅនាយកដ្ឋាននានា នៅក្នុងក្រសួងអប់រំយុវជន និងកីឡានៃរាជធានីភ្នំពេញ ។ គាត់ មានតួនាទី សរសេរសៀវភៅ ចងក្រងឯកសារ បង្កើតគោលនយោបាយ ដើម្បីធានាគុណភាពអប់រំ និងបណ្តុះបណ្តាល ចំណេះដឹងផ្នែកគ្រប់គ្រង និងបច្ចេកទេស ដល់ មន្រ្តីថ្នាក់ក្រោមជាតិ។ មន្រ្តីអប់រំថ្នាក់ជាតិត្រូវមានកាយសម្បទាល្អ  ចរឹកលក្ខណៈថ្លៃថ្នូរ  រស់រាយ និងចំណេះដឹងខ្ពស់។ ចំណែកចំណេះដឹងផ្នែកភាសាអង់គ្លេស និងកុំព្យុទ័រគឺត្រូវការជាចំាបាច់។ ,uni_pri_0041,ស្ថាប័នរដ្ឋ; អង្គការក្រៅរដ្ឋាភិបាល
,,,uni_gov_0004,
,,,uni_gov_0011,
,,,uni_pri_0037,
,,,uni_pri_0051,
,,,uni_pri_0033,
car_soc_0009,មន្រ្ដីអប់រំថ្នាក់ក្រោមជាតិ,មន្រ្តីអប់រំថ្នាក់ក្រោមជាតិត្រូវមានសញ្ញាបត្រចាប់ពីថ្នាក់បរិញ្ញាបត្រឡើងទៅ ។ គាត់ធ្វើការនៅតាមការិយាល័យជំនាញនានា នៅក្នុងមន្ទីរ/ការីយាល័យអប់រំ ថ្នាក់ខេត្តឬស្រុក ។ គាត់មានតួនាទី ជួយសរសេរសៀវភៅ ចងក្រងឯកសារ  ដើម្បីធានាគុណភាពអប់រំ ។ គាត់/នាង ធ្វើការភាគច្រើនជាមួយសាលារៀនពាក់ព័ន្ធការងារអប់រំ ។ មន្រ្តីអប់រំថ្នាក់ក្រោមជាតិត្រូវមានកាយសម្បទាល្អ  ចរឹកលក្ខណៈថ្លៃថ្នូរ  រស់រាយ និងចំណេះដឹងខ្ពស់។ ចំណែកចំណេះដឹងផ្នែកភាសាអង់គ្លេស និងកុំព្យុទ័រគឺត្រូវការជាចំាបាច់។ ,uni_pri_0041,
,,,uni_gov_0004,
,,,uni_gov_0011,
,,,uni_pri_0037,
,,,uni_pri_0051,
,,,uni_pri_0033,
car_soc_0010,នាយកប្រតិបតិ្តអង្គការក្រៅរដ្ឋាភិបាល,នាយកប្រតិបតិ្តអង្គការក្រៅរដ្ឋាភិបាលគឺជាមនុស្សដែលមានចំណេះដឹងផ្នែកគ្រប់គ្រងទូទៅ ដូចជា៖ ការងាររដ្ឋបាល ធនធានមនុស្ស  គណេនយ្យ និង ការអនុវត្តកម្មវិធីជាដើម។ គាត់ ជាអ្នកមានគំនិត ផ្តួចផ្តើម/ច្នៃប្រឌិត ឬបង្កើតថ្មី​ ដើម្បីធ្វើឲ្យអង្គភាពមួយទទួលបានភាពជោគជ័យ មានកិត្តយស និងមានឈ្មោះបោះសម្លេង ។ គាត់ មានទំនាក់ទំនងល្អ ជាមួយដៃគូរអភិវឌ្ឍជាតិ និងអន្តរជាតិ  និងជាងនេះទៀត អាចសរសេរសំណើសុំថវិកាពីម្ចាស់ជំនួយថែមទៀត។ គាត់ត្រូវមាន សញ្ញាបត្រផ្នែកគ្រប់គ្រង កម្រិតអនុបណ្ឌិត/បណ្ឌិត ក្នុងឬក្រៅប្រទេសពិតជាល្អ ។ ចំណែកភាសាអង់គ្លេស និងកុំព្យុទ័រគឺត្រូវការជាចំាបាច់។ ,uni_pri_0041,អង្គការក្រៅរដ្ឋាភិបាល
,,,uni_gov_0004,
,,,uni_gov_0011,
,,,uni_pri_0037,
,,,uni_pri_0051,
,,,uni_pri_0033,
car_soc_0011,នាយកប្រតិបតិ្តក្រុមហ៊ុន,នាយកប្រតិបតិ្តក្រុមហ៊ុន គឺជាមនុស្សដែលមានចំណេះដឹងផ្នែកគ្រប់គ្រងទូទៅ ដូចជា៖ ការងាររដ្ឋបាល ធនធានមនុស្ស  គណេនយ្យ និង ការអនុវត្តកម្មវិធីជាដើម។ គាត់ ជាអ្នកមានគំនិត ផ្តួចផ្តើម/ច្នៃប្រឌិត ឬបង្កើតថ្មី​ ដើម្បីធ្វើឲ្យអង្គភាពមួយទទួលបានភាពជោគជ័យ មានកិត្តយស និងមានឈ្មោះបោះសម្លេង ។ គាត់មានទំនាក់ទំនងល្អ ជាមួយដៃគូរអភិវឌ្ឍជាតិ និងអន្តរជាតិ ។គាត់ត្រូវមាន សញ្ញាបត្រផ្នែកគ្រប់គ្រង កម្រិតអនុបណ្ឌិត/បណ្ឌិត នៅក្នុងឬក្រៅប្រទេសពិតជាល្អ ។ ចំណែកចំណេះដឹងផ្នែកភាសាអង់គ្លេស និងកុំព្យូទ័រគឺត្រូវការជាចំាបាច់។ ,uni_pri_0041,ក្រុមហ៊ុនឯកជន រោងចក្រ និងសហគ្រាស
,,,uni_gov_0004,
,,,uni_gov_0011,
,,,uni_pri_0037,
,,,uni_pri_0051,
,,,uni_pri_0033,
car_soc_0012,នាយក/ប្រធានគម្រោង,នាយក/ប្រធានគម្រោង គឺជាមនុស្សដែលមានចំណេះដឹងផ្នែកគ្រប់គ្រងទូទៅ ដូចជា គ្រប់គ្រងបុគ្គលិក  និងគ្រប់គ្រងកម្មវិធីជាដើម។ គាត់មានចំណេះដឹងធ្វើគម្រោង រៀបចំនិងតាមដានថវិកា បណ្តុះបណ្តាល និងសរសេររបាយការណ៍ជាដើម ។ គាត់មានទំនាក់ទំនងល្អ ជាមួយដៃគូរអភិវឌ្ឍនានា ដើម្បីធ្វើឲ្យគម្រោងទទួលបានជោគជ័យ ជាតិ និងអន្តរជាតិ ។គាត់ត្រូវសិក្សាផ្នែកគ្រប់គ្រង ឬទំនាក់ទំនងការបរទេស និងមានសញ្ញាបត្រកម្រិតបរិញ្ញា ឬអនុបណ្ឌិតពិតជាល្អ ។ ចំណែកចំណេះដឹងផ្នែកភាសាអង់គ្លេស និងកុំព្យុទ័រគឺត្រូវការជាចំាបាច់។ ,uni_pri_0036,រដ្ឋាភិបាល ក្រុមហ៊ុនឯកជន អង្គការមិនមែនរដ្ឋាភិបាល  គ្រប់គ្រងអាជីវកម្មខ្លួនឯង
,,,uni_pri_0051,
,,,uni_pri_0053,
,,,uni_pri_0037,
car_soc_0013,ប្រធានគ្រប់គ្រងរដ្ឋបាល និងធនធានមនុស្ស,"ប្រធានគ្រប់គ្រងរដ្ឋបាល និងធនធានមនុស្ស គ្រប់គ្រងទិន្នន័យបុគ្គលិក រៀបចំកិច្ចសន្យាបំរើការងារបុគ្គលិក ធ្វើការណែនាំបុគ្គលិកថ្មីអំពីព័ត៌មានក្រុមហ៊ុន និងគោលការណ៍ផ្សេងៗ ហការក្នុងការរៀបចំកម្មវិធីបណ្តុះបណ្តាលបុគ្គលិក ធ្វើការផ្សព្វផ្សាយជ្រើសរើសបុគ្គលិក គ្រប់គ្រង និងរៀបចំរបបឧបត្ថម្ភផ្សេងៗរបស់បុគ្គលិក រៀបចំរបាយការណ៍ការងារ ។ គាត់មានអាកប្បកិរិយាល្អ ស្មោះត្រង់ និងស្រលាញ់ការងារ
រួសរាយរាក់ទាក់ និងមានគំនិតច្នៃប្រឌិតខ្ពស់លើការងារ មានជំនាញក្នុងការប្រាស្រ័យទាក់ទងល្អ អត់ធ្មត់ សកម្ម និងការទទួលខុសត្រូវលើការងារ អាចនិយាយភាសាអង់គ្លេស និងប្រើប្រាស់កុំព្យូទ័របាន ។ គាត់ត្រូវសិក្សាផ្នែកគ្រប់គ្រង ឬទំនាក់ទំនងការបរទេស ឬរដ្ឋបាលសាធារណៈ និងមានសញ្ញាបត្រកម្រិតបរិញ្ញា ឬអនុបណ្ឌិតពិតជាល្អ ។

",uni_gov_0004,
,,,uni_pri_0051,
,,,uni_pri_0053,
,,,uni_pri_0037,
car_soc_0014,ជំនួយការផ្នែករដ្ឋបាល និងធនធានមនុស្ស,"ជំនួយការផ្នែករដ្ឋបាល និងធនធានមនុស្ស អនុវត្តការងារទៅតាមប្រធាន ដូចជា ៖  គ្រប់គ្រងទិន្នន័យបុគ្គលិក រៀបចំកិច្ចសន្យាបំរើការងារបុគ្គលិក រៀបចំឯកសារបណ្តុះបណ្តាលបុគ្គលិក និងរៀបចំការឧបត្ថម្ភផ្សេងៗរបស់បុគ្គលិក ។ គាត់មានអាកប្បកិរិយាល្អ ស្មោះត្រង់ និងស្រលាញ់ការងារ រួសរាយរាក់ទាក់ មានប្រាស្រ័យទាក់ទងល្អ  អត់ធ្មត់ និងការទទួលខុសត្រូវលើការងារ អាចនិយាយភាសាអង់គ្លេស និងប្រើប្រាស់កុំព្យូទ័របាន ។ គាត់ត្រូវសិក្សាផ្នែកគ្រប់គ្រង ឬអក្សរសាស្រ្តអង់គ្លេស  ឬរដ្ឋបាលសាធារណៈ និងមានសញ្ញាបត្រកម្រិតបរិញ្ញាពិតជាល្អ ។

",uni_gov_0004,
,,,uni_gov_0003,
,,,uni_gov_0011,
,,,uni_pri_0051,
,,,uni_pri_0034,
car_soc_0015,លេខាធិការ,លេខាធិការ  ជាជំនួយការរបស់ប្រធាន មានតួនាទី រៀបចំឯកសារ ​រៀបចំកាលវិភាគប្រជុំ  ផ្តល់ព័ត៌មានពីកិច្ចប្រជុំ  រៀចំសម្ភារសម្រាប់ប្រជុំ កត់ត្រាកំណត់ហេតុប្រជុំ និងធ្វើរបាយការណ៍ ។ គាត់មានអាកប្បកិរិយាល្អ ស្មោះត្រង់ និងស្រលាញ់ការងារ រួសរាយរាក់ទាក់ មានប្រាស្រ័យទាក់ទងល្អ អត់ធ្មត់ សកម្ម ពូកែកត់ត្រា និងទទួលខុសត្រូវលើការងារ អាចនិយាយភាសាអង់គ្លេស និងប្រើប្រាស់កុំព្យូទ័របាន។ គាត់ត្រូវសិក្សាផ្នែកគ្រប់គ្រង ឬអក្សរសាស្រ្តអង់គ្លេស  ឬរដ្ឋបាលសាធារណៈ និងមានសញ្ញាបត្រកម្រិតបរិញ្ញាពិតជាល្អ ។,uni_gov_0004,ការិយាល័យ ក្រុមហ៊ុនឯកជន លេខារដ្ឋបាលនៅតាមស្ថាប័នរដ្ឋ
,,,uni_gov_0003,
,,,uni_gov_0011,
,,,uni_pri_0051,
,,,uni_pri_0034,
car_soc_0016,អ្នកត្រួតពិនិត្យតាមដាន និងវាយតម្លៃ,អ្នកត្រួតពិនិត្យតាមដាន និងវាយតំលៃមានតួនាទី បង្កើត និងអនុវត្តឧបករណ៍តាមដាន និងវាយតម្លៃ  ដើម្បីធានាថា ការអនុវត្តគម្រោង ឬសកម្មភាព សម្រេចបានតាមការកំណត់ក្នុងអាំងឌីកាទ័រ ។ អ្នកត្រួតពិនិត្យតាមដាន និងវាយតម្លៃជួយប្រធានគម្រោង ក្នុងរៀបចំរបាយការណ៍ប្រចាំត្រីមាស ឬប្រចាំឆ្នាំ និងបង្កើតប្រព័ន្ធតាមដានព័ត៌មាន ។មួយវិញទៀត គាត់មានតួនាទី ប្រមូល និងវិភាគទិន្ន័យទាក់ទងទៅនឹងគម្រោង។ គាត់ធ្វើការយ៉ាងជិតស្និទ្ធជាមួយក្រុមការងារគ្រប់ផ្នែកទាំងអស់។ គាត់ត្រូវសិក្សាផ្នែកគ្រប់គ្រងគម្រោង  ឬការគ្រប់គ្រងជំនាញតាមដាន និងវាយតម្លៃ និងមានសញ្ញាបត្រកម្រិតបរិញ្ញាពិតជាល្អ ។,uni_gov_0004,
,,,uni_gov_0003,
,,,uni_gov_0011,
,,,uni_pri_0051,
,,,uni_pri_0034,
car_soc_0017,អ្នកនិពន្ធអត្ថបទ,អ្នកនិពន្ធអត្ថបទ មានតួនាទី សរសេរសាច់រឿង ដែលអាចជារឿង ខ្លី ឬរឿងភាគ ក្នុងនោះអត្ថបទមានលក្ខណៈបែប ប្រលោមលោក  ច្បាប់  អប់រំ   មនោសញ្ជេតនា  វប្បធមន៌ ឬបណ្ថុះបណ្តុំគំនិតជាដើម ដែលឆ្លុះបញ្ចាំងពីតថភាពសង្គមជាក់ស្តែង ។ អ្នកនិពន្ធអត្ថបទ ចូលចិត្តអានសៀវភៅ  ស្រាវជ្រាវ   មានគំនិតច្នៃប្រឌិត  មានសិល្បៈតែងនិពន្ធ  និងចូលចិត្តសង្កេត ។ អាជីពនេះត្រូវសិក្សាផ្នែកអក្សរសាស្រ្តខ្មែរ  ឬទស្សនៈវិទ្យារយៈពេល ៤ឆ្នាំ និងមានសញ្ញាបត្រកម្រិតបរិញ្ញាពិតជាល្អ ។ ចំណែកចំណេះដឹងផ្នែកភាសាអង់គ្លេស និងកុំព្យូទ័រគឺត្រូវការជាចំាបាច់។,uni_gov_0001,ការិយាល័យ ក្រុមហ៊ុនឯកជន លេខារដ្ឋបាលនៅតាមស្ថាប័នរដ្ឋ
,,,uni_gov_0006,
,,,uni_pri_0036,
car_soc_0018,អ្នកនិពន្ធតន្រ្តី ឬចម្រៀង,អ្នកនិពន្ធតន្រ្តី ឬចម្រៀង​ មានតួនាទី សរសេរអត្ថបទភ្លេង និងតែងបទចម្រៀង ប្រកបដោយភាពទាក់ទាញ ពេញនិយម និង មានអត្ថន័យ។ អ្នកនិពន្ធតន្រ្តី ឬចម្រៀង ចូលចិត្តអានសៀវភៅ  ស្រមើស្រមៃ   មានគំនិតច្នៃប្រឌិត ​មានការតាំងចិត្តខ្ពស់ និងមានសិល្បៈតែងនិពន្ធ។ អាជីពនេះត្រូវសិក្សាផ្នែកអក្សរសាស្រ្តខ្មែរ  ឬទស្សនៈវិទ្យារយៈពេល ៤ឆ្នាំ និងមានសញ្ញាបត្រកម្រិតបរិញ្ញាពិតជាល្អ ។ ចំណែកចំណេះដឹងផ្នែកភាសាអង់គ្លេស និងកុំព្យុទ័រគឺត្រូវការជាចំាបាច់,uni_gov_0006,"ផលិតកម្ម ក្រុមហ៊ុនឯកជន
ក្រសួងរប្បធម៌ និងវិចិត្រសិល្បៈ 
ស្ថាប័នឯកជន "
car_soc_0019,តន្រី្តករ,តន្រ្តីករ គឺជាអ្នកលេងភ្លេង បែបសម័យ ឬបុរាណក៏បាន ។ គាត់ឬនាង ចូលចិត្តស្តាប់តន្រ្តី  និងប្រើឧបករណ៍តន្រ្តីផ្សេងៗ ពិសេសគឺចូលចិត្តសម្តែងស្នាដៃរបស់ខ្លួននៅតាមទីសាធារណៈ ឬនៅតាមទីកន្លែង នានាទាំងក្នុង ឬក្រៅប្រទេស។ អាជីពនេះត្រូវសិក្សាផ្នែកតូរ្យតន្រ្តី វិទ្យារយៈពេល ៤ឆ្នាំ និងមានសញ្ញាបត្រកម្រិតបរិញ្ញាពិតជាល្អ ។,uni_gov_0006,"ក្រុមហ៊ុនឯកជន
ក្រសួងរប្បធម៌ និងវិចិត្រសិល្បៈ 
ស្ថាប័នឯកជន "
car_soc_0020,តារាសម្ដែង,តារាសម្តែង គឺតួអង្គសម្តែងក្នុងខ្សែភាពយន្តរឿងភាគ ឬរឿងខ្លី ។ គាត់មានទេពកោសល្យក្នុងការសម្តែង និងរស់រាយ រាក់ទាក់។ អាជីពនេះត្រូវសិក្សាផ្នែកសម្តែងរយៈពេល ៤ឆ្នាំ និងមានសញ្ញាបត្រកម្រិតបរិញ្ញាពិតជាល្អ ។ ចំពោះចំណេះដឹងផ្នែកភាសាអង់គ្លេសគឺពិតជាចាំបាច់។,uni_gov_0006,"ក្រុមហ៊ុនឯកជន
ក្រសួងរប្បធម៌ និងវិចិត្រសិល្បៈ 
ស្ថាប័នឯកជន "
car_soc_0021,អ្នករបាំ,អ្នករបាំ គឺអ្នករាំរបាំ ដែលបង្ហាញពីវប្បធម៌ តំណាងប្រទេស ។ គាត់/នាង តែងតែសម្តែងតាមកញ្ចក់ទូរទស្សន៍  ឬនៅតាមកម្មវិធីនានា ដូចជា កម្មវិធី បុណ្យជាតិធំៗ  កម្មវិធីសម្ផោធ  ឬកម្មវិធីទទួលគាវរកិច្ចភ្ញៀវជាតិ ឬអន្តរជាតិ ។ គាត់/នាង ត្រូវមានសម្បទាមាំមួន ទន់ភ្លន់  រូបសម្បត្តិស្រស់ស្អាត និងទេពកោសល្យសម្តែង។ អាជីពនេះត្រូវសិក្សាផ្នែកសម្តែងរបាំរយៈពេល ៤ឆ្នាំ និងមានសញ្ញាបត្រកម្រិតបរិញ្ញាពិតជាល្អ ។ ចំពោះចំណេះដឹងផ្នែកភាសាអង់គ្លេសគឺពិតជាចាំបាច់។,uni_gov_0006,"ក្រសួងរប្បធម៌ និងវិចិត្រសិល្បៈ 
ស្ថាប័នឯកជន "
car_soc_0022,អ្នកច្នៃម៉ូតសម្លៀកបំពាក់,អ្នកច្នៃម៉ូតសម្លៀកបំពាក់ គឺអ្នកគូរ និងរចនាម៉ូតសម្លៀកបំពាក់ ទៅតាមតម្រូវការរបស់អតិថិជន ។ សម្លៀកបំពាក់ដែលច្នៃគឺមើលទៅមានភាពទាក់ទាញ និង ស្រស់ស្អាត ។ គាត់/នាង ត្រូវមានគំនិតច្នៃប្រឌិត និង មានទេពកោសល្យក្នុងការច្នៃម៉ូត។ អាជីពនេះត្រូវសិក្សាផ្នែកច្នៃម៉ូតសម្លៀកបំពាក់រយៈពេល ៤ឆ្នាំ និងមានសញ្ញាបត្រកម្រិតបរិញ្ញាពិតជាល្អ ។ ចំពោះចំណេះដឹងផ្នែកភាសាអង់គ្លេសគឺពិតជាចាំបាច់។,uni_gov_0006,ក្រុមហ៊ុនឯកជន; បើកអាជីវកម្មខ្លួនឯង
car_soc_0023,ពិធីករវិទ្យុ ឬទូរទស្សន៍,ពិធីករវិទ្យុ ឬទូរទស្សន៍ មានសិល្បៈក្នុង និយាយជាសាធារណៈ មានសម្លេងពិរោះ និង ទាក់ទាញ និងអាចនិយាយបានច្រើនភាសាគឺពិតជាល្អ ។ អាជីពនេះត្រូវសិក្សាផ្នែកទំនាក់ទំនង ឬសារពត៌មានរយៈពេល ៤ឆ្នាំ និងមានសញ្ញាបត្រកម្រិតបរិញ្ញាពិតជាល្អ ។ ,uni_gov_0006,"ក្រសួងព័ត៌មាន និង តាមស្ថានី
ទូរទស្សន៍ឯកជន "
,,,uni_pri_0046,
,,,uni_pri_0061,
,,,uni_gov_0001,
,,,uni_pri_0033,
,,,uni_pri_0036,
car_soc_0024,អ្នកសារព័ត៌មាន,អ្នកសារព័ត៌មានគឺជាអ្នកយកព័ត៌មានថ្មីៗ ដែលកើតមាននៅក្នុងស្រុកឬក្រៅស្រុកដើម្បីផ្សព្វផ្សាយដល់់សាធារណៈជន។ គេអាចធ្វើការនៅកន្លែងជាច្រើនដែលទាក់ទងនឹងការផ្សាយព័ត៌មានដូចជា កាសែត ទស្សនាវដ្តី វិទ្យុ ទូរទស្សន៍ និង អ៊ីនធឺណែត។  អាជីពនេះត្រូវសិក្សាផ្នែកទំនាក់ទំនង ឬសារពត៌មានរយៈពេល ៤ឆ្នាំ និងមានសញ្ញាបត្រកម្រិតបរិញ្ញាពិតជាល្អ និងអាចនិយាយបានច្រើនភាសាគឺពិតជាល្អ។,uni_pri_0041,
,,,uni_gov_0004,
,,,uni_gov_0011,
,,,uni_pri_0037,
,,,uni_pri_0051,
,,,uni_pri_0033,
car_soc_0025,អ្នកទំនាក់ទំនងអតិថិជន,អ្នកទំនាក់ទំនងអតិថិជនត្រូវមានរូបសម្បត្តិសមរម្យ ពូកែទាក់ទង និងចេះ អត់ធ្មត់គ្រប់បញ្ហាដែលកើតមានឡើង។ គាត់ជាមនុស្សដែលតែងតែរស់រាយរាក់ទាក់ទៅកាន់មនុស្សទូទៅ ជាពិសេសអតិថិជនរបស់ខ្លួន។ អាជីពនេះត្រូវសិក្សាផ្នែកទំនាក់ទំនង រយៈពេល ៤ឆ្នាំ និងមានសញ្ញាបត្រកម្រិតបរិញ្ញាពិតជាល្អ ។ បុគ្គលិកត្រូវចេះភាសាអង់គ្លេស និងមានចំណេះដឹងផ្នែកកុំព្យុទ័រ។,uni_pri_0041,
,,,uni_gov_0004,
,,,uni_gov_0011,
,,,uni_pri_0037,
,,,uni_pri_0051,
,,,uni_pri_0033,
car_soc_0026,អ្នកទទួលភ្ញៀវ និងផ្តល់ព័ត៌មាន,អ្នកទទួលភ្ញៀវ និងផ្តល់ព័ត៌មាន គឺធ្វើការទំនាក់ទំនង និងផ្តល់ព័ត៌មាន ទាក់ទងទៅនឹងស្ថាប័នរបស់ខ្លួន ទៅដល់អតិថិជន ប្រកបដោយភាពជឿជាក់ និងទំនុកចិត្ត ។ អាជីពនេះត្រូវសិក្សាផ្នែកទំនាក់ទំនង រយៈពេល ៤ឆ្នាំ និងមានសញ្ញាបត្រកម្រិតបរិញ្ញាពិតជាល្អ ។ បុគ្គលិកត្រូវចេះភាសាអង់គ្លេស និងចំណេះដឹងផ្នែកកុំព្យុទ័រ។,uni_pri_0041,ក្រុមហ៊ុន ធនាគារ ទីភ្នាក់ងារទេសចរណ៍ សណ្ឋាគារ ភោជនីយដ្ឋាន
,,,uni_gov_0004,
,,,uni_gov_0011,
,,,uni_pri_0037,
,,,uni_pri_0051,
,,,uni_pri_0033,
car_soc_0027,ភ្នាក់ងារជ្រើសរើសបុគ្គលិក,ភ្នាក់ងារជ្រើសរើសបុគ្គលិក មានតួនាទី ទទួលពាក្យសុំការងាររបស់បេក្ខជន និងបញ្ជូនពាក្យទាំងនោះទៅតាមស្ថាប័នដែលត្រូវការជ្រើសរើសបុគ្គលិក ។ ករណីបេក្ខជនដែលបានជាប់សម្ភាសន៍ គឺភ្នាក់ងារជ្រើសរើស បុគ្គលិកត្រូវធ្វើការតម្រង់ទិសបេក្ខជនពីរបៀបសម្ភាសន៍ ដើម្បីធ្វើឲ្យបេក្ខជន មានភាពកក់ក្តៅនៅពេលដែលត្រូវសម្ភាស។ អាជីពនេះត្រូវសិក្សាផ្នែករដ្ឋបាល និងធនធានមនុស្ស រយៈពេល ៤ឆ្នាំ និងមានសញ្ញាបត្រកម្រិតបរិញ្ញាពិតជាល្អ ។ បុគ្គលិកត្រូវចេះភាសាអង់គ្លេស និងចំណេះដឹងផ្នែកកុំព្យុទ័រ។,uni_pri_0041,
,,,uni_gov_0004,
,,,uni_gov_0011,
,,,uni_pri_0037,
,,,uni_pri_0051,
,,,uni_pri_0033,
car_soc_0028,អ្នកគ្រប់គ្រងទីផ្សារ និងលក់,អ្នកគ្រប់គ្រងទីផ្សារនិងផ្នែកលក់គឺត្រូវគ្រប់គ្រងយុទ្ធសាស្រ្តទីផ្សារ ការផ្សព្វផ្សាយ ការលើកកម្ពស់និងការលក់ផលិតផលអចលនទ្រព្យ បដិសណ្ឋារកិច្ច។គាត់ជាមនុស្សដែលរួសរាយ រាក់ទាក់ រហ័សរហួន និងចេះបត់បែន។ អាជីពនេះត្រូវសិក្សាផ្នែកទីផ្សារ និងគ្រប់គ្រង រយៈពេល ៤ឆ្នាំ និងមានសញ្ញាបត្រកម្រិតបរិញ្ញាពិតជាល្អ ។ បុគ្គលិកត្រូវចេះភាសាអង់គ្លេស និងមានចំណេះដឹងផ្នែកកុំព្យុទ័រ។,uni_pri_0041,
,,,uni_gov_0004,
,,,uni_gov_0011,
,,,uni_pri_0037,
,,,uni_pri_0051,
,,,uni_pri_0033,
car_soc_0029,អ្នកគ្រប់គ្រងផ្នែកផ្សព្វផ្សាយ,អ្នកគ្រប់គ្រងការផ្សាយពាណិជ្ជកម្មគឺជាអ្នកដែលមានផែនការនិងដឹកនាំយុទ្ធនាការផ្សព្វផ្សាយនិងផ្សព្វផ្សាយពាណិជ្ជកម្មរបស់ក្រុមហ៊ុនដើម្បីបង្កើតចំណាប់អារម្មណ៍នៅក្នុងផលិតផលឬសេវាកម្មមួយ។ គាត់ជាមនុស្សដែលច្នៃប្រឌិត និងបង្កើតអ្វីដែលថ្មីដើម្បីទាក់ទាញការចាប់អារម្មណ៍។ អាជីពនេះត្រូវសិក្សាផ្នែកទីផ្សារ និងគ្រប់គ្រង រយៈពេល ៤ឆ្នាំ និងមានសញ្ញាបត្រកម្រិតបរិញ្ញាពិតជាល្អ ។ បុគ្គលិកត្រូវចេះភាសាអង់គ្លេស និងមានចំណេះដឹងផ្នែកកុំព្យុទ័រ។,uni_pri_0041,
,,,uni_gov_0004,
,,,uni_gov_0011,
,,,uni_pri_0037,
,,,uni_pri_0051,
,,,uni_pri_0033,
car_soc_0030,មន្រី្តបំរើអតិថិជនក្នុងធនាគារ,មន្ត្រីផ្នែកសេវាកម្មអតិថិជនជាអ្នកទាក់ទាញអតិថិជន និងឆ្លើយសំនួរពីផលិតផលនិងសេវាកម្ម ដូចជាការបើកគណនីអតិថិជន បញ្ញើប្រាក់ ដកនិងដាក់ប្រាក់ក្នុងធនាគារ និងសេវាផ្សេងៗទៀត។ អាជីពនេះត្រូវសិក្សាផ្នែកទីផ្សារ ឬគណនេយ្យ រយៈពេល ៤ឆ្នាំ និងមានសញ្ញាបត្រកម្រិតបរិញ្ញាពិតជាល្អ ។ បុគ្គលិកត្រូវចេះភាសាអង់គ្លេស និងមានចំណេះដឹងផ្នែកកុំព្យុទ័រ។,uni_pri_0041,ធនាគារ; មីក្រូហិរញ្ញវត្ថុ
,,,uni_gov_0004,
,,,uni_gov_0011,
,,,uni_pri_0037,
,,,uni_pri_0051,
,,,uni_pri_0033,
car_soc_0031,បុគ្គលិកផ្នែកធានារ៉ាប់រង,បុគ្គលិកធានារ៉ាប់រង គឺជាអ្នកពូកែខាងច្បាប់  និងមានចំណេះដឹងខាងគណនាលេខ ។ គាត់អាចបកស្រាយគោលនយោបាយធានារ៉ាប់រងនិងសេវាផ្សេងៗដែលបានចែងក្នុងសេវាកម្មធានារ៉ាប់រង។ គាត់ជាមនុស្សម្នពូកែនិយាយ និង ផ្តល់ជម្រើសល្អដល់អតិថិជន។ អាជីពនេះត្រូវសិក្សាផ្នែកច្បាប់ ឬគណនេយ្យ រយៈពេល ៤ឆ្នាំ និងមានសញ្ញាបត្រកម្រិតបរិញ្ញាពិតជាល្អ ។ បុគ្គលិកត្រូវចេះភាសាអង់គ្លេស និងមានចំណេះដឹងផ្នែកកុំព្យុទ័រ។,uni_pri_0041,ក្រុមហ៊ុនធានារ៉ាប់រង; ស្ថាប័នរដ្ឋ
,,,uni_gov_0004,
,,,uni_gov_0011,
,,,uni_pri_0037,
,,,uni_pri_0051,
,,,uni_pri_0033,
car_soc_0032,មន្រ្តីផ្នែកឥណទាន,មន្រ្តីផ្នែកឥណទាន មានតួនាទីផ្សព្វផ្សាយ ផលិតផល សេវាកម្ម រៀបចំឯកសារឥណទាន ដើម្បីផ្តល់ឥណទានជូនអតិថិជន ត្រួតពិនិត្យ និងតាមដានការសងប្រាក់ត្រឡប់របស់អតិថិជននៅក្នុងធនាគារមួយ។ គាត់ជាមនុស្សស្មោះត្រង់ ម៉ឺងម៉ាត់ សុភាពរាបសារ និង​មានឆន្ទះក្នុងការងារ។ អាជីពនេះត្រូវសិក្សាផ្នែកគណនេយ្យ ឬការគ្រប់គ្រងរយៈពេល ៤ឆ្នាំ និងមានសញ្ញាបត្រកម្រិតបរិញ្ញាពិតជាល្អ ។ បុគ្គលិកត្រូវចេះភាសាអង់គ្លេស និងមានចំណេះដឹងផ្នែកកុំព្យុទ័រ។,uni_pri_0041,
,,,uni_gov_0004,
,,,uni_gov_0011,
,,,uni_pri_0037,
,,,uni_pri_0051,
,,,uni_pri_0033,
car_soc_0033,អ្នកប្រឹក្សាយោបល់ទូទៅ,អ្នកប្រឹក្សាយោបល់ទូទៅ ធ្វើការជាមួយនឹងអ្នកដែលមានវិបត្តិសង្គម រងគ្រោះផ្លូវចិត្ត  ផ្នែកស្មារតី និង អារម្មណ៍ ។  គាត់ផ្ដល់គំនិត ឬយោលប់ល្អដល់ដៃគូ រកដំណោះស្រាយដល់អ្នកមកទទួលសេវា ដើម្បីកាត់បន្ថយអារម្មណ៍តានតឹង និងមានអារម្មណ៍ថាមានអ្នកយល់ចិត្ត និងគាំទ្រដល់ខ្លួនជានិច្ច។ អាជីពនេះត្រូវសិក្សាផ្នែកចិត្តវិទ្យា សង្គមវិទ្យា និង សង្គមកិច្ច ទស្សនវិជ្ជា រយៈពេល ៤ឆ្នាំ និងមានសញ្ញាបត្រកម្រិតបរិញ្ញាពិតជាល្អ ។ បុគ្គលិកត្រូវចេះភាសាអង់គ្លេស និងមានចំណេះដឹងផ្នែកកុំព្យុទ័រ។​,uni_gov_0001,"អង្គការក្រៅរដ្ឋាភិបាល 
ស្ថាប័នរដ្ឋ"
car_soc_0034,មន្រី្តអភិវឌ្ឍសហគមន៍,មន្រី្តអភិវឌ្ឍសហគមន៍ ធ្វើការនៅតាមសហគមន៍នានាតាមជំនាញជំនាញ និងចំណេះដឹងរបស់ខ្លួន ។​ ការងារអភិវឌ្ឍសហគមន៍មានដូចជា៖ ផ្នែកអប់រំ  ផ្នែកសុខភាព  ផ្នែកបរិស្ថាន   ផ្នែកកសិកម្ម   និងផ្នែកច្បាប់ជាដើម ។ គាត់ត្រូវមានជំនាញសម្របសម្រួល  ចេះវិភាគបញ្ហាក្នុងសហគមន៍ ឬសង្គម  និងបណ្តុះបណ្តាលចំណេះដឹងដល់សហគមន៍ ។ អាជីពនេះត្រូវសិក្សាផ្នែក អភិវឌ្ឍជនបទ  ឬផ្នែកអបរំ រយៈពេល ៤ឆ្នាំ និងមានសញ្ញាបត្រកម្រិតបរិញ្ញាពិតជាល្អ ។ បុគ្គលិកត្រូវចេះភាសាអង់គ្លេស និងមានចំណេះដឹងផ្នែកកុំព្យុទ័រ។​,uni_gov_0001,"អង្គការក្រៅរដ្ឋាភិបាល
ក្រសួងអភិវឌ្ឍន៍ជនបទ
ក្រុមហ៊ុនឯកជន "
,,,uni_gov_0002,
,,,uni_gov_0020,
,,,uni_gov_0019,
car_soc_0035,បុគ្គលិក ឬមន្ត្រីផ្នែកសេវាសង្គមកិច្ច,មន្រី្តផ្នែកសេវាកម្មសង្គមកិច្ច ជាផ្នែកមួយជួយលើកកំពស់ការអភិវឌ្ឍន៍សហគមន៍ ការកសាងទំនាក់ទំនង និងសមត្ថភាពរបស់ប្រជាពលរដ្ឋ និង សហគមន៍។ គាត់ជួយសម្រួលការងារ និងតម្រូវការរបស់ ប្រជាជន ឬសហគមន៍ទទួលបានសេវាកម្មល្អ និងប្រកបដោយភាពកក់ក្តៅ ។ អាជីពនេះត្រូវសិក្សាផ្នែក អភិវឌ្ឍជនបទ  ឬផ្នែកអបរំ រយៈពេល ៤ឆ្នាំ និងមានសញ្ញាបត្រកម្រិតបរិញ្ញាពិតជាល្អ ។ បុគ្គលិកត្រូវចេះភាសាអង់គ្លេស និងមានចំណេះដឹងផ្នែកកុំព្យុទ័រ។​,uni_gov_0001,"អង្គការក្រៅរដ្ឋាភិបាល
ក្រសួងអភិវឌ្ឍន៍ជនបទ
ក្រុមហ៊ុនឯកជន "
,,,uni_pri_0073,
,,,uni_pri_0057,
car_soc_0036,អ្នកភូមិសាស្ត្រ,អ្នកភូមិសាស្ត្រគឺជាអ្នកសិក្សាពីមនុស្ស  សហគមន៍ វប្បធម៌ ឬបរិស្ថាន ។  អាជីពនេះត្រូវសិក្សាមុខវិជ្ជា ភូមិវិទ្យា ឬសេដ្ឋកិច្ច រយៈពេល ៤ឆ្នាំ និងមានសញ្ញាបត្រកម្រិតបរិញ្ញាពិតជាល្អ ។ បុគ្គលិកត្រូវចេះភាសាអង់គ្លេស និងមានចំណេះដឹងផ្នែកកុំព្យូទ័រ។​,uni_gov_0001,ក្រុមហ៊ុនរុករករ៉ែ​និងប្រេងឬឧស្ម័ន  ក្រុមហ៊ុនវិស្វកម្មស៊ីវិល ស្ថាប័នរដ្ឋាភិបាលទៅលើផ្នែកជីវសាស្រ្តអប់រំ វិស្វករភូមិសាស្ត្រ អ្នកគ្រប់គ្រងគំរោងដីធ្លី
,,,uni_pri_0033,
,,,uni_gov_0002,
car_soc_0037,មគ្គុទេសក៍ទេសចរណ៍,មគ្គុទេសក៍ទេសចរណ៍ធ្វើអត្ថាធិប្បាយសំរាប់ភ្ញៀវទេសចរ ក្នុងដំនើរទស្សនាកំសាន្តនៅសារមន្ទីរជាតិ ព្រះបរមរាជវាំង វត្តភ្នំ ប្រាសាទបុរាណ និងកន្លែងទេសចរណ៍ធម្មជាតិ ជាច្រើន ដែលមាននៅក្នុងស្រុកខ្មែរ។ មគ្គុទេសក៍ទេសចរត្រូវចាំយ៉ាងច្បាស់ពីប្រវត្តិសាស្រ្តខ្មែរ  ចេះរឿងនិទានផ្សេងៗ ដែលទាក់ទងនឹងប្រាសាទ ឬទីកន្លែងកំសាន្ត។ គេត្រូវចេះភាសាអង់គ្លេសជាចាំបាច់ បន្ទាប់មកគេអាចជ្រើសយកភាសាមួយទៀត ដូចជាភាសា បារាំង អេស្បាញ អាឡឺម៉ង អ៊ីតាលី ចិន ថៃ ជប៉ុន.។គេមានទឹកមុខញញឹមញញែមគ្រប់ពេលវេលា រួសរាយរាក់ទាក់ អត់ធ្មតិ ឆ្លាតឈ្លាសវៃ អាចដោះស្រាយបញ្ហាខ្លះៗ ដែលអាចកើតមានជាយថាហេតុក្នុងដំណើរកំសាន្ត។ អាជីពនេះត្រូវសិក្សាមុខវិជ្ជា សណ្ឋាគារ និងទេសចរណ៍  ឬភាសាបរទេស រយៈពេល ៤ឆ្នាំ និងមានសញ្ញាបត្រកម្រិតបរិញ្ញាពិតជាល្អ ។ ,uni_gov_0001,"ក្រុមហ៊ុនឯកជន 
ក្រសួង និងមន្ទីរ 
"
,,,uni_gov_0004,
,,,uni_pri_0034,
,,,uni_pri_0038,
,,,uni_pri_0037,
car_soc_0038,បុរាណវិទូ,បុរាណវិទូ គឺជាអ្នកចងក្រងឯកសារប្រវត្តិសាស្ត្របុរាណដែលបានបាត់បង់ ដោយសារពេលវេលា និងសង្គ្រាម និងសា្រវជ្រាវតាមទីកន្លែងកុលសម្ព័ន្ឋនានា ដើម្បីយល់ដឹងពីប្រពៃណី ទំនៀមទំលាប់ និង វប្បធម៌ជាដើម។ គេជាអ្នកចូលចិត្តស្រាវជ្រាវ តស៊ូ អត់ធ្មត់ ធ្វើការនៅក្រោមកម្ដៅថ្ងៃ ដោយមិនខ្លាចនឿយហត់។ គេត្រូវមានសុខភាពល្អ ទាំងកំលាំងកាយ និងប្រាជ្ញា។ ពេលខ្លះគេជាសាស្ត្រាចារ្យនៅមហាវិទ្យាល័យ។ អាជីពនេះត្រូវសិក្សាមុខវិជ្ជា ប្រវិត្តិវិទ្យា រយៈពេល ៤ឆ្នាំ និងមានសញ្ញាបត្រកម្រិតបរិញ្ញាពិតជាល្អ ។ បុគ្គលិកត្រូវចេះភាសាអង់គ្លេស និងមានចំណេះដឹងផ្នែកកុំព្យូទ័រ។​,uni_gov_0006,"ក្រសួងវប្បធម៌ និងវិចិត្រសិល្បៈ 
"
,,,uni_pri_0046,
,,,uni_pri_0061,
car_soc_0039,អ្នកបំរើតាមយន្តហោះ,មាននារីច្រើនណាស់ដែលចង់ក្លាយជានារីអាកាសចរណ៍ ព្រោះនារីអាកាសចរណ៍តំណាងឱ្យនារីស្រស់ស្អាត មានរូបកាយសមសួនជួនកាលអាចធ្វើដំនើរទៅបរទេសបានញឹកញាប់ថែមទៀត។ តែការងារនេះក៏មានបុរសធ្វើដែរ។ នារីឬបុរសអាកាសចរណ៍ទទួលភ្ញៀវក្នុងយន្តហោះ ដោយទឹកមុខញញឹមនិងគួរសមជានិច្ច។ គេជាមនុស្សរហ័សរហួនណាស់ ហើយចេះនិយាយឱ្យអ្នកដំណើរស្ងប់ចិត្ត នៅពេលមានបញ្ហាបច្ចេកទេស។ គេត្រូវការសេរីភាពក្នុងការធ្វើដំណើរ ហើយចេះសម្របខ្លួនតាមពេលវេលាដែលខុសគ្នារវាងប្រទេសមួយទៅនិងប្រទេសមួយទៀត។​ អាជីពនេះត្រូវសិក្សាជំនាញ ទំនាក់ទំនងអន្តរជាតិ  ឬសណ្ឋាគារទេសចរណ៍ រយៈពេល ៤ឆ្នាំ និងមានសញ្ញាបត្រកម្រិតបរិញ្ញាពិតជាល្អ ។ បុគ្គលិកត្រូវចេះនិយាយភាសាអង់គេ្លសយ៉ាងស្ទាត់ជំនាញ  និងមានចំណេះដឹងផ្នែកកុំព្យូទ័រ។​,uni_pri_0034,ក្រុមហ៊ុនឯកជន 
,,,uni_pri_0038,
,,,uni_pri_0037,
car_soc_0040,មន្រ្តីប្រៃសណីយ៍,មន្ត្រីប្រៃសណីយ៍គឺជាអ្នកបំរើសេវាអតិថិជនដែលជាផ្នែកមួយនៃប្រព័ន្ធប្រៃសណីយ៍។ គាត់ជាទទួល និងចែកចាយសំបុត្រនៅតាមគេហដ្ឋាន ឬតាមស្ថាប័ននានា ។  អាជីពនេះត្រូវសិក្សាជំនាញ រដ្ឋបាល និងទំនាក់ទំនង រយៈពេល ៤ឆ្នាំ និងមានសញ្ញាបត្រកម្រិតបរិញ្ញាពិតជាល្អ ។ បុគ្គលិកត្រូវចេះនិយាយភាសាអង់គេ្លសយ៉ាងស្ទាត់ជំនាញ  និងមានចំណេះដឹងផ្នែកកុំព្យូទ័រ។​,uni_gov_0004,"ក្រសួងប្រៃសណីយ៍ 
សា្ថប័នឯកជន "
,,,uni_pri_0033,
,,,uni_pri_0034,
,,,uni_pri_0038,
car_soc_0041,មេធាវី,មេធាវីមានតួនាទីណែនាំកូនក្តីពីសិទ្ធិ និងករណីស្របច្បាប់របស់ពួកគេ។ មេធាវីមានតួនាទីជួយកូនក្តី តាមរាល់មធ្យោបាយសមស្រប និងចាត់ការតាមផ្លូវច្បាប់ ដើម្បីការពារផលប្រយោជន៍របស់កូនក្តី នៅមុខតុលាការ សាលាក្តី ឬអជ្ញាធររដ្ឋបាលជាដើម ។​ មេធាវីគឺជាមនុស្សមានសីល្បក្នុងការនិយាយ ប្រកែវិភាគ និងប្រមូលភស្តុតាង  មានចំណេះដឹងច្រើនផ្នែកច្បាប់ ។ អាជីពនេះត្រូវសិក្សាមុខវិជ្ជា ច្បាប់ រយៈពេល ៤ឆ្នាំ និងមានសញ្ញាបត្រកម្រិតបរិញ្ញាពិតជាល្អ ។ បុគ្គលិកត្រូវចេះភាសាអង់គ្លេស និងមានចំណេះដឹងផ្នែកកុំព្យូទ័រ។​,uni_gov_0003,ស្ថាប័នរដ្ឋ ក្រសួងមហាផ្ទៃ តុលាការ ក្រុមហ៊ុនឯកជន
,,,uni_gov_0004,
,,,uni_pri_0034,
,,,uni_pri_0038,
,,,uni_pri_0051,
car_soc_0042,ចៅក្រម/តុលាការ,ចៅក្រម​គឺ​គេ​សំដៅ​លើ​តុលាការ​ ហើយ​គាត់​មាន​សិទ្ធិ​អំណាច​ក្នុង​ការ​កាត់​ក្តី​តាម​ផ្លូវ​ច្បាប់​លើ​ជន​ណា​ម្នាក់​ដែល​ល្មើសច្បាប់​ហើយ​ក៏​ជា​អ្នក​សម្រេច​ឲ្យ​ជន​ណា​ម្នាក់​រួច​ខ្លួន​បាន​ដែរ​ប្រសិន​បើ​រកឃើញ​ថា​ជន​នោះ​គ្មាន​កំហុស។,uni_gov_0004,ស្ថាប័នរដ្ឋ ក្រសួងមហាផ្ទៃ តុលាការ ក្រុមហ៊ុនឯកជន
,,,uni_gov_0003,
,,,uni_pri_0034,
,,,uni_pri_0038,
car_soc_0043,ក្រឡាបញ្ជី, ក្រឡាបញ្ជីមានតួនាទី និង​ភារកិច្ច​សំខាន់​របស់​ក្រឡា​បញ្ជី គឺជា​ជំនួយការ​របស់​ចៅ​ក្រម និង​ព្រះ​រាជអាជ្ញា ក្នុង​រឿង​ក្តី​ព្រហ្មទណ្ឌ និង​នៅ​ក្នុង​រឿង​រដ្ឋប្បវេណី។ ក្រឡា​បញ្ជី​មាន​ភារកិច្ច​សំខាន់​ខ្លាំង​ណាស់​ចាប់​តាំង​ពី​សំណុំ​រឿង​ព្រហ្មទណ្ឌ​បាន​ចូល​មក​ដល់។ ក្រឡា​បញ្ជី​ត្រូវ​មាន​វត្ដមាន​ជានិច្ច​នៅ​គ្រប់​ដំណាក់​កាល​នៃ​នីតិវិធី​ទាំង​បី គឺ ទី១ ទាំង​នៅ​ដំណាក់​កាល​អយ្យការ (ដំណាក់​កាល​ស៊ើប​អង្កេត​បឋម) ទី២.នៅ​ដំណាក់​កាល​ចៅ​ក្រម​ស៊ើប​សួរ និង ទី៣ នៅ​ដំណាក់​កាល​ចៅ​ក្រម​ជំនុំ​ជម្រះ។ អាជីពនេះត្រូវសិក្សាមុខវិជ្ជា ច្បាប់ រយៈពេល ៤ឆ្នាំ និងមានសញ្ញាបត្រកម្រិតបរិញ្ញាពិតជាល្អ ។ បុគ្គលិកត្រូវចេះភាសាអង់គ្លេស និងមានចំណេះដឹងផ្នែកកុំព្យូទ័រ។​,uni_gov_0004,ស្ថាប័នរដ្ឋ ក្រសួងមហាផ្ទៃ តុលាការ ក្រុមហ៊ុនឯកជន
,,,uni_gov_0003,
,,,uni_pri_0034,
,,,uni_pri_0038,
car_soc_0044,ព្រះរាជអាជ្ញា,​​ព្រះរាជអជ្ញា មាន​តួនាទី​ចោទ​ប្រកាន់​​ទៅ​លើ​ជន​ណា​ម្នាក់​ដែល​ប្រព្រឹត្ត​ខុស​ឬ​ប្រឆាំង​​​នឹង​ច្បាប់​ទាក់ទង​រឿង​ព្រហ្មទណ្ឌ។ គាត់​ធ្វើ​ការ​ចោទប្រកាន់​ពី​បទល្មើស​​ព្រហ្មទណ្ឌ​ និង​សន្និដ្ឋាន​ឲ្យ​តុលាការ​អនុវត្ត​ច្បាប់។ គាត់ធានា​​ការ​អនុវត្ត​សេចក្តី​សម្រេច​ខាង​បទ​​ព្រហ្មទណ្ឌ​ព្រម​ទាំង​ធានា​យក​ចិត្ត​ទុក​ដាក់​លើ​ការ​ផ្សព្វផ្សាយ​ដីកា​បង្គាប់​ឲ្យ​ចាប់​ខ្លួន។ អាជីពនេះត្រូវសិក្សាមុខវិជ្ជា ច្បាប់ រយៈពេល ៤ឆ្នាំ និងមានសញ្ញាបត្រកម្រិតបរិញ្ញាពិតជាល្អ ។ បុគ្គលិកត្រូវចេះភាសាអង់គ្លេស និងមានចំណេះដឹងផ្នែកកុំព្យូទ័រ។​,uni_gov_0004,ស្ថាប័នរដ្ឋ ក្រសួងមហាផ្ទៃ តុលាការ ក្រុមហ៊ុនឯកជន
,,,uni_gov_0003,
,,,uni_pri_0034,
,,,uni_pri_0038,
car_soc_0045,មន្ត្រីនគរបាល,មន្រ្តីនគរបាលជាកងកម្លាំងនគរបាលជាតិ ការពារសន្តិសុខ សណ្តាប់ធ្នាប់សង្គម និងប្រទេសជាតិ ។ អាជីពនេះត្រូវសិក្សាមុខវិជ្ជា ច្បាប់ឬ សន្តិសុខ  រយៈពេល ៤ឆ្នាំ និងមានសញ្ញាបត្រកម្រិតបរិញ្ញាពិតជាល្អ ។ បុគ្គលិកត្រូវចេះភាសាអង់គ្លេស និងមានចំណេះដឹងផ្នែកកុំព្យូទ័រ។​,សាលានគរបាលជាតិ ភូមិភាគ(ខេត្តក្រុង),ក្រសួងមហាផ្ទៃ និង ស្ថាប័នឯកជន 